company_id,gci,confidence_tier,as_of,algorithm_id,dataset_version
adani_ports,,,2026-09-29,gci_scoring_v4,2026-09-29.2
apollohosp,,,2026-09-29,gci_scoring_v4,2026-09-29.2
asianpaints,,,2026-09-29,gci_scoring_v4,2026-09-29.2
axisbank,,,2026-09-29,gci_scoring_v4,2026-09-29.2
bajajfinance,,,2026-09-29,gci_scoring_v4,2026-09-29.2
bajajfinserv,,,2026-09-29,gci_scoring_v4,2026-09-29.2
bhartiartl,,,2026-09-29,gci_scoring_v4,2026-09-29.2
britannia,,,2026-09-29,gci_scoring_v4,2026-09-29.2
cipla,65.5,provisional,2026-09-29,gci_scoring_v4,2026-09-29.2
coalindia,,,2026-09-29,gci_scoring_v4,2026-09-29.2
drreddy,,,2026-09-29,gci_scoring_v4,2026-09-29.2
eichermot,,,2026-09-29,gci_scoring_v4,2026-09-29.2
grasim,,,2026-09-29,gci_scoring_v4,2026-09-29.2
hcltech,,,2026-09-29,gci_scoring_v4,2026-09-29.2
hdfcbank,,,2026-09-29,gci_scoring_v4,2026-09-29.2
hdfclife,,,2026-09-29,gci_scoring_v4,2026-09-29.2
hero_motocorp,,,2026-09-29,gci_scoring_v4,2026-09-29.2
hindalco,,,2026-09-29,gci_scoring_v4,2026-09-29.2
hindunilvr,,,2026-09-29,gci_scoring_v4,2026-09-29.2
icicibank,,,2026-09-29,gci_scoring_v4,2026-09-29.2
indusindbk,,,2026-09-29,gci_scoring_v4,2026-09-29.2
infy,76.5,provisional,2026-09-29,gci_scoring_v4,2026-09-29.2
itc,,,2026-09-29,gci_scoring_v4,2026-09-29.2
kotakbank,,,2026-09-29,gci_scoring_v4,2026-09-29.2
lt,,,2026-09-29,gci_scoring_v4,2026-09-29.2
m_m,,,2026-09-29,gci_scoring_v4,2026-09-29.2
maruti,,,2026-09-29,gci_scoring_v4,2026-09-29.2
ntpc,,,2026-09-29,gci_scoring_v4,2026-09-29.2
ongc,,,2026-09-29,gci_scoring_v4,2026-09-29.2
reliance,,,2026-09-29,gci_scoring_v4,2026-09-29.2
sbin,,,2026-09-29,gci_scoring_v4,2026-09-29.2
sunpharma,,,2026-09-29,gci_scoring_v4,2026-09-29.2
tatamotors,,,2026-09-29,gci_scoring_v4,2026-09-29.2
tatasteel,,,2026-09-29,gci_scoring_v4,2026-09-29.2
tcs,,,2026-09-29,gci_scoring_v4,2026-09-29.2
techm,,,2026-09-29,gci_scoring_v4,2026-09-29.2
titan,,,2026-09-29,gci_scoring_v4,2026-09-29.2
trent,,,2026-09-29,gci_scoring_v4,2026-09-29.2
wipro,,,2026-09-29,gci_scoring_v4,2026-09-29.2
