wave,priority,company_id,ticker,name,sector,current_quality,target_quality,min_closed_outcomes,status,assignee,ir_home,notes
P0,1,adani_ports,ADANIPORTS,Adani Ports & SEZ Ltd.,Infrastructure,demo_structured,hand_labeled,8,merged,,https://www.adaniports.com/Investors,Promoted 2026-08-29 — cargo volume FY25/FY26 from BSE investor presentation
P0,2,apollohosp,APOLLOHOSP,Apollo Hospitals Enterprise Ltd.,Healthcare,hand_labeled,hand_labeled,8,merged,,https://www.apollohospitals.com/investor-relations/,Promoted 2026-08-24 — ARPOB/occupancy/HC EBITDA from company transcripts
P0,3,britannia,BRITANNIA,Britannia Industries Ltd.,FMCG,demo_structured,hand_labeled,8,merged,,https://www.britannia.co.in/investors,Promoted 2026-08-29 — cost-savings guidance from Q4FY25 earnings call transcript
P0,4,cipla,CIPLA,Cipla Ltd.,Pharma,hand_labeled,hand_labeled,8,merged,,https://www.cipla.com/investors,Promoted 2026-08-24 — EBITDA margin FY23–FY26 + R&D%
P0,5,coalindia,COALINDIA,Coal India Ltd.,Energy,demo_structured,hand_labeled,8,merged,,https://www.coalindia.in/investors/,Promoted 2026-08-29 — production target vs actual from BSE IR + coal ministry stats
P0,6,divislab,DIVISLAB,Divi's Laboratories Ltd.,Pharma,demo_structured,hand_labeled,8,merged,,https://www.divislabs.com/investor-relations/,Promoted 2026-08-29 — double-digit revenue growth guidance from official earnings call
P0,7,eichermot,EICHERMOT,Eicher Motors Ltd.,Auto,demo_structured,hand_labeled,8,merged,,https://www.eicher.in/investors,FY25 Royal Enfield volumes from official press release
P0,8,grasim,GRASIM,Grasim Industries Ltd.,Conglomerate,demo_structured,hand_labeled,8,merged,,https://www.grasim.com/investors,FY25 consolidated EBITDA + UltraTech volume from BSE/grasim IR
P0,9,hdfclife,HDFCLIFE,HDFC Life Insurance Co. Ltd.,Insurance,hand_labeled,hand_labeled,8,merged,,https://www.hdfclife.com/investor-relations,Promoted 2026-08-24 — APE/VNB/RoEV from BSE transcripts
P0,10,hero_motocorp,HEROMOTOCO,Hero MotoCorp Ltd.,Auto,demo_structured,hand_labeled,8,merged,,https://www.heromotocorp.com/en-in/investors.html,Promoted 2026-08-29 — industry/volume/revenue guidance from official earnings calls
